7,172.586,122.225
8.6,165.272,112.581
9.5,158.541,119.198
9.7,159.115,113.239
11,142.738,120.761
12,132.405,108.44
12.3,128.241,101.419
12.5,123.8,124.007
13.3,111.418,120.743
13.8,108.689,107.645
7,172.586,122.225
8.6,165.272,112.581
9.5,158.541,119.198
9.7,159.115,113.239
11,142.738,120.761
12,132.405,108.44
12.3,128.241,101.419
12.5,123.8,124.007
13.3,111.418,120.743
13.8,108.689,107.645
7,172.586,122.225
8.6,165.272,112.581
9.5,158.541,119.198
9.7,159.115,113.239
11,142.738,120.761
12,132.405,108.44
12.3,128.241,101.419
12.5,123.8,124.007
13.3,111.418,120.743
13.8,108.689,107.645
7,172.586,122.225
8.6,165.272,112.581
9.5,158.541,119.198
9.7,159.115,113.239
11,142.738,120.761
12,132.405,108.44
12.3,128.241,101.419
12.5,123.8,124.007
13.3,111.418,120.743
13.8,108.689,107.645
7,172.586,122.225
8.6,165.272,112.581
9.5,158.541,119.198
9.7,159.115,113.239
11,142.738,120.761
12,132.405,108.44
12.3,128.241,101.419
12.5,123.8,124.007
13.3,111.418,120.743
13.8,108.689,107.645
7,172.586,122.225
8.6,165.272,112.581
9.5,158.541,119.198
9.7,159.115,113.239
11,142.738,120.761
12,132.405,108.44
12.3,128.241,101.419
12.5,123.8,124.007
13.3,111.418,120.743
13.8,108.689,107.645
7,172.586,122.225
8.6,165.272,112.581
9.5,158.541,119.198
9.7,159.115,113.239
11,142.738,120.761
12,132.405,108.44
12.3,128.241,101.419
12.5,123.8,124.007
13.3,111.418,120.743
13.8,108.689,107.645
7,172.586,122.225
8.6,165.272,112.581
9.5,158.541,119.198
9.7,159.115,113.239
11,142.738,120.761
12,132.405,108.44
12.3,128.241,101.419
12.5,123.8,124.007
13.3,111.418,120.743
13.8,108.689,107.645
7,172.586,122.225
8.6,165.272,112.581
9.5,158.541,119.198
9.7,159.115,113.239
11,142.738,120.761
12,132.405,108.44
12.3,128.241,101.419
12.5,123.8,124.007
13.3,111.418,120.743
13.8,108.689,107.645
7,172.586,122.225
8.6,165.272,112.581
9.5,158.541,119.198
9.7,159.115,113.239
11,142.738,120.761
12,132.405,108.44
12.3,128.241,101.419
12.5,123.8,124.007
13.3,111.418,120.743
13.8,108.689,107.645
7,172.586,122.225
8.6,165.272,112.581
9.5,158.541,119.198
9.7,159.115,113.239
11,142.738,120.761
12,132.405,108.44
12.3,128.241,101.419
12.5,123.8,124.007
13.3,111.418,120.743
13.8,108.689,107.645
7,172.586,122.225
8.6,165.272,112.581
9.5,158.541,119.198
9.7,159.115,113.239
11,142.738,120.761
12,132.405,108.44
12.3,128.241,101.419
12.5,123.8,124.007
13.3,111.418,120.743
13.8,108.689,107.645
7,172.586,122.225
8.6,165.272,112.581
9.5,158.541,119.198
9.7,159.115,113.239
11,142.738,120.761
12,132.405,108.44
12.3,128.241,101.419
12.5,123.8,124.007
13.3,111.418,120.743
13.8,108.689,107.645
7,172.586,122.225
8.6,165.272,112.581
9.5,158.541,119.198
9.7,159.115,113.239
11,142.738,120.761
12,132.405,108.44
12.3,128.241,101.419
12.5,123.8,124.007
13.3,111.418,120.743
13.8,108.689,107.645
7,172.586,122.225
8.6,165.272,112.581
9.5,158.541,119.198
9.7,159.115,113.239
11,142.738,120.761
12,132.405,108.44
12.3,128.241,101.419
12.5,123.8,124.007
13.3,111.418,120.743
13.8,108.689,107.645
7,172.586,122.225
8.6,165.272,112.581
9.5,158.541,119.198
9.7,159.115,113.239
11,142.738,120.761
12,132.405,108.44
12.3,128.241,101.419
12.5,123.8,124.007
13.3,111.418,120.743
13.8,108.689,107.645
7,172.586,122.225
8.6,165.272,112.581
9.5,158.541,119.198
9.7,159.115,113.239
11,142.738,120.761
12,132.405,108.44
12.3,128.241,101.419
12.5,123.8,124.007
13.3,111.418,120.743
13.8,108.689,107.645
7,172.586,122.225
8.6,165.272,112.581
9.5,158.541,119.198
9.7,159.115,113.239
11,142.738,120.761
12,132.405,108.44
12.3,128.241,101.419
12.5,123.8,124.007
13.3,111.418,120.743
13.8,108.689,107.645
7,172.586,122.225
8.6,165.272,112.581
9.5,158.541,119.198
9.7,159.115,113.239
11,142.738,120.761
12,132.405,108.44
12.3,128.241,101.419
12.5,123.8,124.007
13.3,111.418,120.743
13.8,108.689,107.645
7,172.586,122.225
8.6,165.272,112.581
9.5,158.541,119.198
9.7,159.115,113.239
11,142.738,120.761
12,132.405,108.44
12.3,128.241,101.419
12.5,123.8,124.007
13.3,111.418,120.743
13.8,108.689,107.645
14.2,99.702,119.679
14.8,93.178,118.437
15.1,91.688,107.441
16.5,86.435,94.539
16.7,83.36,93.043
17,80.576,92.693
18,73.741,88.06
18.2,70.382,89.123
20.1,65.555,70.467
26,48.24,67.465
14.2,99.702,119.679
14.8,93.178,118.437
15.1,91.688,107.441
16.5,86.435,94.539
16.7,83.36,93.043
17,80.576,92.693
18,73.741,88.06
18.2,70.382,89.123
20.1,65.555,70.467
26,48.24,67.465
14.2,99.702,119.679
14.8,93.178,118.437
15.1,91.688,107.441
16.5,86.435,94.539
16.7,83.36,93.043
17,80.576,92.693
18,73.741,88.06
18.2,70.382,89.123
20.1,65.555,70.467
26,48.24,67.465
14.2,99.702,119.679
14.8,93.178,118.437
15.1,91.688,107.441
16.5,86.435,94.539
16.7,83.36,93.043
17,80.576,92.693
18,73.741,88.06
18.2,70.382,89.123
20.1,65.555,70.467
26,48.24,67.465
14.2,99.702,119.679
14.8,93.178,118.437
15.1,91.688,107.441
16.5,86.435,94.539
16.7,83.36,93.043
17,80.576,92.693
18,73.741,88.06
18.2,70.382,89.123
20.1,65.555,70.467
26,48.24,67.465
14.2,99.702,119.679
14.8,93.178,118.437
15.1,91.688,107.441
16.5,86.435,94.539
16.7,83.36,93.043
17,80.576,92.693
18,73.741,88.06
18.2,70.382,89.123
20.1,65.555,70.467
26,48.24,67.465
14.2,99.702,119.679
14.8,93.178,118.437
15.1,91.688,107.441
16.5,86.435,94.539
16.7,83.36,93.043
17,80.576,92.693
18,73.741,88.06
18.2,70.382,89.123
20.1,65.555,70.467
26,48.24,67.465
14.2,99.702,119.679
14.8,93.178,118.437
15.1,91.688,107.441
16.5,86.435,94.539
16.7,83.36,93.043
17,80.576,92.693
18,73.741,88.06
18.2,70.382,89.123
20.1,65.555,70.467
26,48.24,67.465
14.2,99.702,119.679
14.8,93.178,118.437
15.1,91.688,107.441
16.5,86.435,94.539
16.7,83.36,93.043
17,80.576,92.693
18,73.741,88.06
18.2,70.382,89.123
20.1,65.555,70.467
26,48.24,67.465
14.2,99.702,119.679
14.8,93.178,118.437
15.1,91.688,107.441
16.5,86.435,94.539
16.7,83.36,93.043
17,80.576,92.693
18,73.741,88.06
18.2,70.382,89.123
20.1,65.555,70.467
26,48.24,67.465
14.2,99.702,119.679
14.8,93.178,118.437
15.1,91.688,107.441
16.5,86.435,94.539
16.7,83.36,93.043
17,80.576,92.693
18,73.741,88.06
18.2,70.382,89.123
20.1,65.555,70.467
26,48.24,67.465
14.2,99.702,119.679
14.8,93.178,118.437
15.1,91.688,107.441
16.5,86.435,94.539
16.7,83.36,93.043
17,80.576,92.693
18,73.741,88.06
18.2,70.382,89.123
20.1,65.555,70.467
26,48.24,67.465
14.2,99.702,119.679
14.8,93.178,118.437
15.1,91.688,107.441
16.5,86.435,94.539
16.7,83.36,93.043
17,80.576,92.693
18,73.741,88.06
18.2,70.382,89.123
20.1,65.555,70.467
26,48.24,67.465
14.2,99.702,119.679
14.8,93.178,118.437
15.1,91.688,107.441
16.5,86.435,94.539
16.7,83.36,93.043
17,80.576,92.693
18,73.741,88.06
18.2,70.382,89.123
20.1,65.555,70.467
26,48.24,67.465
14.2,99.702,119.679
14.8,93.178,118.437
15.1,91.688,107.441
16.5,86.435,94.539
16.7,83.36,93.043
17,80.576,92.693
18,73.741,88.06
18.2,70.382,89.123
20.1,65.555,70.467
26,48.24,67.465
14.2,99.702,119.679
14.8,93.178,118.437
15.1,91.688,107.441
16.5,86.435,94.539
16.7,83.36,93.043
17,80.576,92.693
18,73.741,88.06
18.2,70.382,89.123
20.1,65.555,70.467
26,48.24,67.465
14.2,99.702,119.679
14.8,93.178,118.437
15.1,91.688,107.441
16.5,86.435,94.539
16.7,83.36,93.043
17,80.576,92.693
18,73.741,88.06
18.2,70.382,89.123
20.1,65.555,70.467
26,48.24,67.465
14.2,99.702,119.679
14.8,93.178,118.437
15.1,91.688,107.441
16.5,86.435,94.539
16.7,83.36,93.043
17,80.576,92.693
18,73.741,88.06
18.2,70.382,89.123
20.1,65.555,70.467
26,48.24,67.465
14.2,99.702,119.679
14.8,93.178,118.437
15.1,91.688,107.441
16.5,86.435,94.539
16.7,83.36,93.043
17,80.576,92.693
18,73.741,88.06
18.2,70.382,89.123
20.1,65.555,70.467
26,48.24,67.465
14.2,99.702,119.679
14.8,93.178,118.437
15.1,91.688,107.441
16.5,86.435,94.539
16.7,83.36,93.043
17,80.576,92.693
18,73.741,88.06
18.2,70.382,89.123
20.1,65.555,70.467
26,48.24,67.465
